{
  "model": "LSTM",
  "mae": 4763.022610134549,
  "rmse": 5643.048153600804,
  "baseline_mae": 4771.157763069059,
  "baseline_rmse": 5649.279726004666,
  "sample_prediction": 16007
}