{
  "mae": 3850.791130321938,
  "rmse": 4779.3174373846505,
  "sample_prediction": 17044
}