model,mae,rmse,baseline_mae,baseline_rmse,sample_prediction
Dense,3863.109624056208,4794.803560030855,4366.261193189496,5254.312661810449,17026
LSTM,4763.022610134549,5643.048153600804,4771.157763069059,5649.279726004666,16007
GRU,4757.994635687934,5638.790241026783,4771.157763069059,5649.279726004666,16028
