{"dense": {"loss": [292403712.0, 291578272.0, 287152032.0, 271435840.0, 234090448.0, 172035024.0, 100526664.0, 53568656.0, 36306044.0, 33352958.0, 32332522.0, 32533660.0, 31553376.0, 31589136.0, 30301226.0, 29945502.0, 31652280.0, 29499446.0, 29862358.0, 30320500.0, 29403530.0, 29416434.0, 29593294.0, 29540162.0, 29079454.0, 29720078.0, 28791444.0, 28753342.0, 28819168.0, 28659522.0, 29589794.0, 28688694.0, 28667672.0, 27995616.0, 28548812.0, 29002826.0, 28008946.0, 28613758.0, 28788666.0, 27704430.0, 28695544.0, 27999170.0, 28262806.0, 28063464.0, 27660870.0, 28141078.0, 27993772.0, 27533230.0, 28268226.0, 27570878.0, 27925470.0, 27979466.0, 28436472.0, 27722366.0, 28312944.0, 27886392.0, 27762988.0, 26747396.0, 27850834.0, 27597992.0, 27291680.0, 27403674.0, 27834272.0, 27167172.0, 27542128.0, 26865474.0, 27713716.0, 28201126.0, 27711516.0, 26901664.0, 27862724.0, 28031414.0, 27330464.0, 27336034.0, 27642364.0, 27645270.0, 27602592.0, 26464702.0, 27704498.0, 27274596.0], "mae": [16072.4560546875, 16047.361328125, 15912.587890625, 15423.146484375, 14203.787109375, 11872.2158203125, 8637.7861328125, 6053.314453125, 4966.900390625, 4751.14990234375, 4684.10009765625, 4699.32373046875, 4629.994140625, 4632.69482421875, 4525.5537109375, 4530.8740234375, 4632.892578125, 4457.3720703125, 4500.94384765625, 4502.78125, 4464.16748046875, 4443.30859375, 4497.5, 4482.0908203125, 4471.99267578125, 4508.41015625, 4415.953125, 4461.248046875, 4422.22998046875, 4406.3779296875, 4510.8701171875, 4401.49462890625, 4422.31005859375, 4379.47802734375, 4382.46533203125, 4428.0576171875, 4325.78125, 4437.62353515625, 4439.63916015625, 4322.29443359375, 4423.34228515625, 4419.80908203125, 4408.08056640625, 4339.0654296875, 4356.89404296875, 4366.357421875, 4373.013671875, 4339.2880859375, 4428.857421875, 4318.3076171875, 4371.16943359375, 4372.6357421875, 4392.67626953125, 4318.32568359375, 4400.08203125, 4342.29150390625, 4367.1904296875, 4285.57958984375, 4326.9638671875, 4338.60009765625, 4331.21826171875, 4333.529296875, 4378.900390625, 4279.41162109375, 4330.58251953125, 4292.9794921875, 4321.9345703125, 4383.18212890625, 4334.00048828125, 4292.04931640625, 4352.5126953125, 4375.66259765625, 4319.63330078125, 4328.03173828125, 4366.564453125, 4358.9052734375, 4340.3662109375, 4225.47607421875, 4346.46630859375, 4313.88916015625], "val_loss": [305863392.0, 303945472.0, 295172736.0, 269089888.0, 216379104.0, 141534976.0, 73714576.0, 40452456.0, 32119458.0, 29769194.0, 28808192.0, 28192262.0, 27731370.0, 27306854.0, 27033624.0, 26920076.0, 26617398.0, 26342938.0, 26255742.0, 26092894.0, 25977004.0, 25951010.0, 25761404.0, 25633154.0, 25574166.0, 25619164.0, 25397278.0, 25343846.0, 25279822.0, 25285164.0, 25211352.0, 25234060.0, 25112538.0, 25063474.0, 24902720.0, 24834328.0, 24826820.0, 24791950.0, 24722114.0, 24813298.0, 24671606.0, 24677092.0, 24532076.0, 24563420.0, 24566326.0, 24548230.0, 24577512.0, 24430958.0, 24432338.0, 24450376.0, 24379340.0, 24317460.0, 24377106.0, 24344730.0, 24247622.0, 24275920.0, 24212696.0, 24254076.0, 24336322.0, 24334842.0, 24303484.0, 24191922.0, 24201362.0, 24137506.0, 24216718.0, 24095380.0, 24084456.0, 24026982.0, 24099074.0, 24047428.0, 24092888.0, 24128096.0, 24090638.0, 24012798.0, 24079576.0, 23961280.0, 24196148.0, 24080324.0, 24080998.0, 23960302.0], "val_mae": [16609.8203125, 16553.052734375, 16291.6376953125, 15490.5908203125, 13724.25390625, 10727.3955078125, 7175.88818359375, 5165.6162109375, 4593.34423828125, 4435.47607421875, 4358.90478515625, 4304.09716796875, 4265.79443359375, 4238.47900390625, 4213.7919921875, 4201.04541015625, 4178.064453125, 4164.66845703125, 4150.72900390625, 4139.41796875, 4132.13525390625, 4118.86865234375, 4115.92578125, 4107.66796875, 4108.84912109375, 4100.7265625, 4095.176513671875, 4086.5341796875, 4078.25830078125, 4067.624755859375, 4060.877685546875, 4070.278076171875, 4068.512451171875, 4065.950927734375, 4057.05859375, 4051.3994140625, 4046.545166015625, 4038.361328125, 4040.986328125, 4040.490234375, 4030.66552734375, 4026.00146484375, 4022.88623046875, 4024.444091796875, 4019.14208984375, 4014.43359375, 4008.7275390625, 4006.05712890625, 4006.8056640625, 4001.71435546875, 4001.9306640625, 3998.11376953125, 3990.496337890625, 3996.97412109375, 3996.108154296875, 3991.9453125, 3992.24365234375, 3992.43505859375, 3978.347900390625, 3977.06103515625, 3979.680419921875, 3984.579345703125, 3986.25341796875, 3978.80029296875, 3974.5263671875, 3977.2626953125, 3977.34521484375, 3971.18701171875, 3964.088623046875, 3968.496826171875, 3961.82958984375, 3966.0263671875, 3968.018310546875, 3964.296142578125, 3953.6552734375, 3961.276123046875, 3951.9560546875, 3951.759033203125, 3952.393798828125, 3955.44873046875]}, "lstm": {"loss": [1.013779878616333, 1.0163935422897339, 1.020523190498352, 1.017225980758667, 1.0116432905197144, 1.0048519372940063, 1.0103384256362915, 1.0155529975891113, 1.008787751197815, 1.0088492631912231, 1.0109423398971558, 1.010485053062439, 1.010820746421814, 1.01288902759552, 1.009022831916809, 1.0088112354278564, 1.0067411661148071, 1.0080511569976807, 1.0110238790512085, 1.0086097717285156, 1.006937026977539], "mae": [0.8526387810707092, 0.8528239727020264, 0.8555139303207397, 0.8542795777320862, 0.8519417643547058, 0.84895920753479, 0.8515540361404419, 0.8531400561332703, 0.8518020510673523, 0.8508384823799133, 0.8522658348083496, 0.8510942459106445, 0.8509765267372131, 0.8513140678405762, 0.8521219491958618, 0.8504334688186646, 0.8501011729240417, 0.8516912460327148, 0.8520234227180481, 0.8508528470993042, 0.8480597734451294], "val_loss": [0.9803125858306885, 0.9767040610313416, 0.9760968089103699, 0.9778973460197449, 0.9760356545448303, 0.9775372743606567, 0.9761964678764343, 0.9771202802658081, 0.9760498404502869, 0.9764716029167175, 0.9764577746391296, 0.9768178462982178, 0.9759307503700256, 0.9766681790351868, 0.9762709140777588, 0.9797786474227905, 0.9789113998413086, 0.9789597988128662, 0.9784219861030579, 0.9759653806686401, 0.9781593084335327], "val_mae": [0.8319249153137207, 0.8307531476020813, 0.8303167223930359, 0.8328199982643127, 0.8301512598991394, 0.8324406743049622, 0.8304142951965332, 0.8319849967956543, 0.8302619457244873, 0.8310757875442505, 0.8306092619895935, 0.8316029906272888, 0.8298121094703674, 0.8313903212547302, 0.8307172656059265, 0.834490180015564, 0.8337526321411133, 0.833796501159668, 0.8333232402801514, 0.8298834562301636, 0.8330786824226379]}, "gru": {"loss": [1.1530309915542603, 1.063826322555542, 1.046098232269287, 1.0362591743469238, 1.0237962007522583, 1.0086191892623901, 1.0122369527816772, 1.025900959968567, 1.0198581218719482, 1.0193849802017212, 1.0194034576416016, 1.0194945335388184, 1.0177651643753052, 1.0123995542526245], "mae": [0.9006561636924744, 0.8692155480384827, 0.8664245009422302, 0.8640869855880737, 0.8532853722572327, 0.8515647649765015, 0.8512731194496155, 0.8575587272644043, 0.8576972484588623, 0.8548814058303833, 0.8530771732330322, 0.8549928665161133, 0.8549889922142029, 0.8531937003135681], "val_loss": [0.9769218564033508, 0.9802215099334717, 0.9789223670959473, 0.9759088158607483, 0.9768109917640686, 0.9759065508842468, 0.9783216118812561, 0.9770060777664185, 0.9764776825904846, 0.983655571937561, 0.9789235591888428, 0.9767771363258362, 0.9814775586128235, 0.9765443205833435], "val_mae": [0.8317405581474304, 0.8348346948623657, 0.8315610289573669, 0.8298771381378174, 0.8315936326980591, 0.8298914432525635, 0.8332313299179077, 0.830902099609375, 0.8310864567756653, 0.8370588421821594, 0.8315615057945251, 0.8315469026565552, 0.8357258439064026, 0.8306629061698914]}}